,Gemini Output,Math Gen Output,Raw Chiang Text
Gemini Output,1.0,0.7549734544433009,0.8478638592786188
Math Gen Output,0.7549734544433009,1.0,0.779016671511522
Raw Chiang Text,0.8478638592786188,0.779016671511522,1.0
