,Gemini Output,Math Gen Output,Raw Chiang Text
Gemini Output,1.0,0.9329652957141177,0.8951587015901109
Math Gen Output,0.9329652957141177,1.0,0.8022273914440955
Raw Chiang Text,0.8951587015901109,0.8022273914440955,1.0
