,Gemini Output,Math Gen Output,Raw Chiang Text
Gemini Output,1.0,0.8836860903614391,0.9087452659631436
Math Gen Output,0.8836860903614391,1.0,0.790292832179532
Raw Chiang Text,0.9087452659631436,0.790292832179532,1.0
