,Gemini Output,Math Gen Output,Raw Chiang Text
Gemini Output,1.0,0.8062737394085622,0.881276622483389
Math Gen Output,0.8062737394085622,1.0,0.790292832179532
Raw Chiang Text,0.881276622483389,0.790292832179532,1.0
