,Gemini Output,Math Gen Output,Raw Chiang Text
Gemini Output,1.0,0.8496976480285202,0.883893145164005
Math Gen Output,0.8496976480285202,1.0,0.7878396465991445
Raw Chiang Text,0.883893145164005,0.7878396465991445,1.0
